antecedents,consequents,antecedent support,consequent support,support,confidence,lift,leverage,conviction
frozenset({'ass_Argument'}),frozenset({'ucr_Assault'}),0.01697381930382501,0.20948138483258788,0.016841725826315948,0.9922178105501985,4.736544067355452,0.013286026652652572,101.58048968951522
frozenset({'ass_OtherFelony'}),frozenset({'ucr_Assault'}),0.006995370181380134,0.20948138483258788,0.006867705493933328,0.9817501169864297,4.686574502889691,0.005402305660921226,43.316366169558165
frozenset({'ass_LoversQuarrelAssault'}),frozenset({'rel_Known'}),0.002098668821240939,0.1239860959098776,0.0015231186692371622,0.7257546563904946,5.8535164855745405,0.0012629129154837133,3.1942708399726487
frozenset({'ass_LoversQuarrelAssault'}),frozenset({'ucr_Assault'}),0.002098668821240939,0.20948138483258788,0.0020811462170815735,0.9916506101477199,4.733836426278266,0.0016415141661030468,94.67980644735808
frozenset({'ass_LEO_Assault'}),frozenset({'ucr_Assault'}),0.0007777340461503032,0.20948138483258788,0.0007758084852536695,0.9975241396385243,4.761874857929357,0.0006128876802346521,319.2904686661021
frozenset({'ass_DrugGangAssault'}),frozenset({'ucr_Assault'}),0.0004051380126517053,0.20948138483258788,0.00038491962323705274,0.9500950570342206,4.535462937642464,0.000300050751298451,15.840487298211782
frozenset({'rel_Family'}),frozenset({'ucr_Assault'}),0.06182128792295908,0.20948138483258788,0.057598532876641635,0.9316941592743945,4.447622685037052,0.04464812387040602,11.573221363939288
frozenset({'rel_Known'}),frozenset({'ucr_Assault'}),0.1239860959098776,0.20948138483258788,0.11342323905530442,0.9148061177581472,4.367004344988633,0.08745045998411721,9.279053781388287
frozenset({'weap_Fists'}),frozenset({'ucr_Assault'}),0.13377872840579733,0.20948138483258788,0.1205691880988013,0.9012582907282023,4.302331166315636,0.0925450348112122,8.005923950449555
frozenset({'weap_OtherWeap'}),frozenset({'ucr_Assault'}),0.013149847919200383,0.20948138483258788,0.011173837327075003,0.8497312969498176,4.056357072629155,0.008419188974622982,5.26070032629095
frozenset({'weap_MVWeap'}),frozenset({'ucr_Assault'}),0.0020934698068200285,0.20948138483258788,0.002018950600120309,0.9644039735099339,4.603769324327604,0.0015804076458824394,22.208057840052028
frozenset({'weap_BluntObject'}),frozenset({'ucr_Assault'}),0.005539838699614811,0.20948138483258788,0.004747470390650092,0.8569690649982621,4.090907961502783,0.003586977308105619,5.526906575544702
"frozenset({'rel_Family', 'ass_Argument'})",frozenset({'ucr_Assault'}),0.00480581488581809,0.20948138483258788,0.004780204925892863,0.9946710473595639,4.748255068842892,0.003773476168362624,148.3440871981029
"frozenset({'rel_Family', 'weap_Knife'})",frozenset({'ass_Argument'}),0.00179308230694519,0.01697381930382501,0.0012951322590757462,0.7222938144329897,42.55340542421248,0.001264696804000773,3.539806571787618
"frozenset({'rel_Family', 'weap_BluntObject'})",frozenset({'ass_Argument'}),0.0012107926918031953,0.01697381930382501,0.0008767078762372692,0.7240776081424937,42.65849631021608,0.0008561560998722098,3.562690849693112
"frozenset({'rel_Known', 'ass_Argument'})",frozenset({'ucr_Assault'}),0.009690577768398156,0.20948138483258788,0.009615480893429448,0.9922505265667847,4.736700243602866,0.007585485242677513,102.00933288952785
"frozenset({'ass_Argument', 'ucr_Vandalism'})",frozenset({'ucr_Assault'}),0.0009751040380552451,0.20948138483258788,0.0009741412576069283,0.9990126382306477,4.768980494515218,0.000769875113359267,800.6372534415281
"frozenset({'ucr_Drug', 'ass_Argument'})",frozenset({'ucr_Assault'}),0.00023453331720997008,0.20948138483258788,0.00023280031240299987,0.9926108374384237,4.738420257397538,0.0001836699483244747,106.98351925265739
"frozenset({'ass_Argument', 'ucr_WeaponViol'})",frozenset({'ucr_Assault'}),0.00047234008794421725,0.20948138483258788,0.0004665634052543165,0.9877700774561761,4.71531195120548,0.0003676169495198155,64.6380721001885
"frozenset({'ass_Argument', 'weap_Fists'})",frozenset({'ucr_Assault'}),0.004628085615058811,0.20948138483258788,0.004613451352244395,0.9968379446640315,4.758599173194691,0.0036439535684780963,250.00151204668677
"frozenset({'ass_Argument', 'weap_OtherWeap'})",frozenset({'ucr_Assault'}),0.0017672797909303,0.20948138483258788,0.001762465888688716,0.9972760950098061,4.760690768808901,0.0013922536706979904,290.21519400026204
"frozenset({'ass_Argument', 'weap_Firearm'})",frozenset({'ucr_Assault'}),0.0028007283241535427,0.20948138483258788,0.002727942122260793,0.9740116878652457,4.6496336113285235,0.0021412416743772558,30.418236131243336
"frozenset({'weap_MVWeap', 'ass_Argument'})",frozenset({'ucr_Assault'}),0.0008095058009447572,0.20948138483258788,0.000807772796137787,0.9978591817316841,4.76347424631142,0.000638196399925866,369.26002868486256
"frozenset({'ass_Argument', 'weap_Knife'})",frozenset({'ucr_Assault'}),0.004077375198621606,0.20948138483258788,0.004049069453441093,0.9930578512396694,4.740554164434685,0.0031949352503517904,113.87232432768619
"frozenset({'ass_Argument', 'weap_NoWeap'})",frozenset({'ucr_Assault'}),0.0004948691504348302,0.20948138483258788,0.0004946765943451668,0.9996108949416342,4.77183638890156,0.0003910107194011523,2031.6328409802566
"frozenset({'ass_Argument', 'weap_BluntObject'})",frozenset({'ucr_Assault'}),0.0028742847504049456,0.20948138483258788,0.0028671601750874013,0.9975212701815502,4.761861160020226,0.002265051025169384,318.9208478001101
"frozenset({'rel_Family', 'ass_OtherFelony'})",frozenset({'ucr_Assault'}),0.0012604721629363418,0.20948138483258788,0.0012313961933971746,0.976932477849068,4.663576568532842,0.0009673507391623424,34.269767250899676
"frozenset({'rel_Known', 'ass_OtherFelony'})",frozenset({'ucr_Assault'}),0.003028907290404622,0.20948138483258788,0.0029850045019613764,0.9855054036872218,4.704501091945771,0.002350504808237895,54.538850072734064
"frozenset({'ucr_Larceny', 'ass_OtherFelony'})",frozenset({'ucr_Assault'}),0.0002050722354914763,0.20948138483258788,0.00020449456722248624,0.9971830985915493,4.760246832378315,0.0001615357513410172,280.63410838443167
"frozenset({'ucr_Burglary', 'ass_OtherFelony'})",frozenset({'ucr_Assault'}),0.00025109314092101886,0.20948138483258788,0.00024704946303808834,0.9838957055214724,4.696816885699779,0.00019445012415598918,49.08744162753847
"frozenset({'ass_OtherFelony', 'ucr_Vandalism'})",frozenset({'ucr_Assault'}),0.00046174950301273255,0.20948138483258788,0.00046001649820576234,0.9962468723936614,4.755777575128388,0.0003632885728688959,210.62929324127285
"frozenset({'ass_OtherFelony', 'ucr_WeaponViol'})",frozenset({'ucr_Assault'}),0.00024377600951381128,0.20948138483258788,0.0002385769950929006,0.9786729857819905,4.671885220560866,0.0001875104590309853,37.06653951118301
"frozenset({'weap_Fists', 'ass_OtherFelony'})",frozenset({'ucr_Assault'}),0.0015754939256255956,0.20948138483258788,0.0015589341019145468,0.9894891224639453,4.72351814579954,0.001228897452579167,75.20957336395095
"frozenset({'weap_OtherWeap', 'ass_OtherFelony'})",frozenset({'ucr_Assault'}),0.0009700975797239978,0.20948138483258788,0.0009596995508821765,0.9892814608971815,4.722526833053876,0.0007564821664588516,73.75245894839723
"frozenset({'weap_Firearm', 'ass_OtherFelony'})",frozenset({'ucr_Assault'}),0.0017771001515031314,0.20948138483258788,0.0017039288374310552,0.9588254415429623,4.577139120543961,0.0013316594367079775,19.1992007878422
"frozenset({'weap_MVWeap', 'ass_OtherFelony'})",frozenset({'ucr_Assault'}),0.0006622003923522883,0.20948138483258788,0.000659889719276328,0.9965106135504508,4.757036594668478,0.0005211710640496876,226.5494597967323
"frozenset({'ass_OtherFelony', 'weap_Knife'})",frozenset({'ucr_Assault'}),0.0011004580524260912,0.20948138483258788,0.0010877493505083095,0.9884514435695538,4.718564584435503,0.0008572238737359194,68.4517255406329
"frozenset({'weap_BluntObject', 'ass_OtherFelony'})",frozenset({'ucr_Assault'}),0.0008374264339459441,0.20948138483258788,0.0008312646390767166,0.9926419866636008,4.738568954262426,0.0006558393899983046,107.43642054259595
"frozenset({'rel_Family', 'ass_LoversQuarrelAssault'})",frozenset({'ucr_Assault'}),0.0005601456648307086,0.20948138483258788,0.0005532136456028277,0.9876246132691647,4.714617549709483,0.00043587355602612025,63.87829587561153
"frozenset({'rel_Known', 'ass_LoversQuarrelAssault'})",frozenset({'ucr_Assault'}),0.0015231186692371622,0.20948138483258788,0.0015121429721263507,0.9927939317319848,4.739294293502022,0.0011930779640301817,109.70179378902151
"frozenset({'ucr_Assault', 'ass_LoversQuarrelAssault'})",frozenset({'rel_Known'}),0.0020811462170815735,0.1239860959098776,0.0015121429721263507,0.7265914137675796,5.860265285679459,0.0012541097776527959,3.2040467937076293
frozenset({'ass_LoversQuarrelAssault'}),"frozenset({'rel_Known', 'ucr_Assault'})",0.002098668821240939,0.11342323905530442,0.0015121429721263507,0.7205248187907148,6.3525325567487245,0.0012741051567168257,3.1722915684623247
"frozenset({'ass_LoversQuarrelAssault', 'weap_Fists'})",frozenset({'rel_Known'}),0.0006924316984294355,0.1239860959098776,0.0005231748956153438,0.7555617352614016,6.093923110625248,0.0004373229926428324,3.5837838442640275
"frozenset({'ass_LoversQuarrelAssault', 'weap_Knife'})",frozenset({'rel_Known'}),0.00047253264403388065,0.1239860959098776,0.0003440977322284208,0.7281988590057049,5.873230007459986,0.00028551025450468804,3.2229956831141826
"frozenset({'ass_LoversQuarrelAssault', 'weap_BluntObject'})",frozenset({'rel_Known'}),0.0002653422915561074,0.1239860959098776,0.00019294120184268476,0.7271407837445573,5.864696185555337,0.00016004244703286252,3.2104977655217772
"frozenset({'ass_LoversQuarrelAssault', 'weap_Fists'})",frozenset({'ucr_Assault'}),0.0006924316984294355,0.20948138483258788,0.0006899284692638119,0.9963848720800891,4.7564363433838,0.0005448769181748328,218.66961078016047
"frozenset({'ass_LoversQuarrelAssault', 'weap_OtherWeap'})",frozenset({'ucr_Assault'}),0.0002587953845075532,0.20948138483258788,0.00025783260405923644,0.996279761904762,4.755934579585499,0.00020361978852431213,212.49140375700432
"frozenset({'weap_Firearm', 'ass_LoversQuarrelAssault'})",frozenset({'ucr_Assault'}),0.00022606084926478235,0.20948138483258788,0.00021701071305060452,0.9599659284497445,4.5825834558852305,0.000169655173290187,19.746145834181753
"frozenset({'ass_LoversQuarrelAssault', 'weap_Knife'})",frozenset({'ucr_Assault'}),0.00047253264403388065,0.20948138483258788,0.00046906663441994016,0.9926650366748165,4.738678987959378,0.00037007984176911854,107.77403786782254
"frozenset({'ass_LoversQuarrelAssault', 'weap_BluntObject'})",frozenset({'ucr_Assault'}),0.0002653422915561074,0.20948138483258788,0.00026457206719745395,0.9970972423802612,4.759836981109876,0.0002089877965076283,272.33366292516956
"frozenset({'rel_Known', 'ass_LEO_Assault'})",frozenset({'ucr_Assault'}),0.0002372291024652571,0.20948138483258788,0.00023703654637559373,0.9991883116883117,4.7698191058209645,0.0001873414654685798,973.9189338862432
"frozenset({'ass_LEO_Assault', 'weap_Fists'})",frozenset({'ucr_Assault'}),0.0003573841024151925,0.20948138483258788,0.0003573841024151925,1.0,4.773693857328537,0.0002825187857241066,inf
"frozenset({'ass_DrugGangAssault', 'weap_Firearm'})",frozenset({'ucr_Assault'}),0.00021835860567824802,0.20948138483258788,0.00020160622587753587,0.9232804232804233,4.407458085205447,0.0001558641627699435,10.304001259768334
"frozenset({'rel_Known', 'rel_Family'})",frozenset({'ucr_Assault'}),0.006508395830621501,0.20948138483258788,0.0064254041559765945,0.9872485207100592,4.712822198970294,0.0050620163843393615,61.99426726834938
"frozenset({'rel_Known', 'rel_Family'})",frozenset({'weap_Fists'}),0.006508395830621501,0.13377872840579733,0.004998563531571111,0.76801775147929,5.740955685792031,0.004127878613388973,3.7339980844132197
"frozenset({'rel_Family', 'ucr_Larceny'})",frozenset({'ucr_Assault'}),0.0003777950479195085,0.20948138483258788,0.000371633253050281,0.9836901121304791,4.6958354457920874,0.00029249222322920844,48.46867259245188
"frozenset({'rel_Family', 'ucr_Burglary'})",frozenset({'ucr_Assault'}),0.00024108022425852426,0.20948138483258788,0.00022548318099579226,0.9353035143769968,4.464852641319262,0.00017498136176236575,12.218880323328388
"frozenset({'rel_Family', 'ucr_Vandalism'})",frozenset({'ucr_Assault'}),0.0025182485406173966,0.20948138483258788,0.002501688716906348,0.9934240709588622,4.742302385258629,0.0019741625252651723,120.21398196696983
"frozenset({'ucr_Drug', 'rel_Family'})",frozenset({'ucr_Assault'}),0.0006003898875703503,0.20948138483258788,0.000587296073473242,0.9781911481719051,4.669585075321372,0.0004615255683855233,36.247603560176415
"frozenset({'rel_Family', 'ucr_WeaponViol'})",frozenset({'ucr_Assault'}),0.00031367387006161026,0.20948138483258788,0.0003061641825647393,0.9760589318600369,4.65940652741091,0.00024045534587843596,33.019354464300456
"frozenset({'rel_Family', 'drug_ComputerUse'})",frozenset({'ucr_Assault'}),0.00043613954308750595,0.20948138483258788,0.0004170764902108335,0.9562913907284768,4.565042337736693,0.00032571337474461066,18.08610771064836
"frozenset({'rel_Family', 'weap_Fists'})",frozenset({'ucr_Assault'}),0.041357582050075364,0.20948138483258788,0.03910506091319341,0.9455354731774545,4.513696880193446,0.03044141735201624,14.51437589356193
"frozenset({'rel_Family', 'weap_OtherWeap'})",frozenset({'ucr_Assault'}),0.0033377672582246484,0.20948138483258788,0.0032116430194951487,0.9622129918080073,4.593310248435598,0.0025124429119933794,20.920381183682302
"frozenset({'rel_Family', 'weap_Firearm'})",frozenset({'ucr_Assault'}),0.0010253611774573815,0.20948138483258788,0.0009390960492881972,0.915868544600939,4.372076045481929,0.000724301969880852,9.396231307514448
"frozenset({'rel_Family', 'weap_MVWeap'})",frozenset({'ucr_Assault'}),0.0003078971873717095,0.20948138483258788,0.00030404606557844234,0.9874921826141337,4.71398536630504,0.00023954733638175785,63.20196328263413
"frozenset({'rel_Family', 'weap_Knife'})",frozenset({'ucr_Assault'}),0.00179308230694519,0.20948138483258788,0.001754956201191845,0.9787371134020618,4.672191346186886,0.0013793388364141553,37.17833002241884
"frozenset({'rel_Family', 'weap_NoWeap'})",frozenset({'ucr_Assault'}),0.005024751159765328,0.20948138483258788,0.003836102418273419,0.7634412722743822,3.6444349118873007,0.0027835105868866264,3.341743603238884
"frozenset({'rel_Family', 'weap_BluntObject'})",frozenset({'ucr_Assault'}),0.0012107926918031953,0.20948138483258788,0.0011932700876438299,0.985527989821883,4.704608911238063,0.0009396315578197197,54.62396760629366
"frozenset({'rel_Known', 'ucr_Larceny'})",frozenset({'ucr_Assault'}),0.0016829402236577492,0.20948138483258788,0.001626328733296722,0.9663615560640733,4.613114224141513,0.0012737840846544315,23.500451348854384
"frozenset({'rel_Known', 'ucr_Burglary'})",frozenset({'ucr_Assault'}),0.0013265189016908735,0.20948138483258788,0.0011951956485404633,0.9010015967484396,4.301105787841229,0.0009173146320076556,7.985165307754114
"frozenset({'rel_Known', 'ucr_Vandalism'})",frozenset({'ucr_Assault'}),0.006013141568007345,0.20948138483258788,0.005913204957472062,0.9833802997310106,4.69435649624382,0.004653563734611484,47.565154748454525
"frozenset({'rel_Known', 'ucr_Drug'})",frozenset({'ucr_Assault'}),0.001186915736684939,0.20948138483258788,0.0010873642383289828,0.9161258922777417,4.37330454450588,0.0008387274861286306,9.425061400177805
"frozenset({'rel_Known', 'ucr_WeaponViol'})",frozenset({'ucr_Assault'}),0.0008676577400230913,0.20948138483258788,0.0007898650797990947,0.910341766533511,4.34569289897063,0.000608106934858344,8.817021980060304
"frozenset({'rel_Known', 'drug_ComputerUse'})",frozenset({'ucr_Assault'}),0.00085783737945026,0.20948138483258788,0.0007369121551416713,0.8590347923681257,4.100769111559217,0.0005572111929332726,5.607898774794303
"frozenset({'rel_Known', 'weap_Fists'})",frozenset({'ucr_Assault'}),0.07276405794243805,0.20948138483258788,0.06722614480371987,0.9238921894227079,4.410378469480993,0.05198342917989928,10.38682638708405
"frozenset({'rel_Known', 'weap_OtherWeap'})",frozenset({'ucr_Assault'}),0.005729313891843555,0.20948138483258788,0.005394266295829312,0.9415204678362573,4.494530473859031,0.004194081687625341,13.51786831936275
"frozenset({'rel_Known', 'weap_Firearm'})",frozenset({'ucr_Assault'}),0.0037794909279123914,0.20948138483258788,0.002964401000367397,0.7843386998165885,3.7441928333794996,0.0021726680068261065,3.66555619619796
"frozenset({'rel_Known', 'weap_MVWeap'})",frozenset({'ucr_Assault'}),0.0010367219867475196,0.20948138483258788,0.0010197770508571442,0.9836552748885588,4.695669143464325,0.0008026030933868819,48.36536618251548
"frozenset({'rel_Known', 'weap_Knife'})",frozenset({'ucr_Assault'}),0.003873265743578447,0.20948138483258788,0.0035852018334420633,0.9256276410638826,4.41866298432016,0.002773824761652627,10.629199160489629
"frozenset({'rel_Known', 'weap_NoWeap'})",frozenset({'ucr_Assault'}),0.008728374988350357,0.20948138483258788,0.006378227914009072,0.7307463213395398,3.4883592254439857,0.004549795834111316,2.9359621718085718
"frozenset({'rel_Known', 'weap_BluntObject'})",frozenset({'ucr_Assault'}),0.002631086409160124,0.20948138483258788,0.002523254998948644,0.959016393442623,4.578050666454416,0.00197209137434358,19.28865421008489
"frozenset({'ucr_Larceny', 'weap_Fists'})",frozenset({'ucr_Assault'}),0.002183971168961807,0.20948138483258788,0.0020842271145161875,0.9543290424969141,4.555674688037742,0.0016267258096076224,17.309000257198417
"frozenset({'ucr_Larceny', 'weap_NoWeap'})",frozenset({'ucr_Assault'}),0.00025282614572798913,0.20948138483258788,0.000197369991904942,0.7806549885757806,3.726607923657083,0.00014440762077595716,3.6039963253986533
"frozenset({'ucr_Fraud_StolenProp', 'ucr_WeaponViol'})",frozenset({'weap_Firearm'}),0.0003596947754911528,0.021771354277787577,0.00027728076911523556,0.7708779443254817,35.40790042225242,0.0002694497267261484,4.2694652107689075
"frozenset({'weap_Firearm', 'ucr_Fraud_StolenProp'})",frozenset({'ucr_WeaponViol'}),0.0003388987178075102,0.01367379303917438,0.00027728076911523556,0.818181818181818,59.83576143340689,0.0002726467381866941,5.424794138284536
"frozenset({'ucr_Burglary', 'weap_Fists'})",frozenset({'ucr_Assault'}),0.0012150289257757893,0.20948138483258788,0.0010750406485905278,0.8847860538827257,4.223697750469923,0.0008205147066073638,6.861310126143555
"frozenset({'weap_Fists', 'ucr_Vandalism'})",frozenset({'ucr_Assault'}),0.006151396840385636,0.20948138483258788,0.0060270056064631065,0.979778376009516,4.677162015099956,0.004738402477684318,39.09273634696298
"frozenset({'weap_OtherWeap', 'ucr_Vandalism'})",frozenset({'ucr_Assault'}),0.0007449995109075323,0.20948138483258788,0.0006826113378566042,0.9162574308606873,4.373932469431289,0.0005265478086120937,9.439865808897256
"frozenset({'weap_MVWeap', 'ucr_Vandalism'})",frozenset({'ucr_Assault'}),0.00019833277235325878,0.20948138483258788,0.00019621465536696185,0.9893203883495146,4.7227126607939605,0.0001546676315567148,74.0212885111309
"frozenset({'weap_Knife', 'ucr_Vandalism'})",frozenset({'ucr_Assault'}),0.0004087965783553091,0.20948138483258788,0.0003516074197252918,0.8601036269430051,4.105871400603819,0.0002659721463765981,5.650744175085574
"frozenset({'weap_NoWeap', 'ucr_Vandalism'})",frozenset({'ucr_Assault'}),0.0005570647673960948,0.20948138483258788,0.0005256781247809675,0.9436571033529209,4.504730117700278,0.00040898342586539007,14.030492967357816
"frozenset({'weap_BluntObject', 'ucr_Vandalism'})",frozenset({'ucr_Assault'}),0.0004247787337973678,0.20948138483258788,0.0004037901200240618,0.9505893019038986,4.537822311340862,0.00031480688262075604,15.998936376690963
"frozenset({'ucr_Assault', 'ucr_Kidnap_SexOff'})",frozenset({'weap_Fists'}),0.001367148236609842,0.13377872840579733,0.0010251686213677183,0.7498591549295776,5.605219632937416,0.0008422732687318255,3.4629341375669154
"frozenset({'ucr_Drug', 'weap_Fists'})",frozenset({'ucr_Assault'}),0.00142838107312279,0.20948138483258788,0.0013186241020146758,0.9231598813696413,4.406882655026397,0.001019404856748256,10.28783699528396
"frozenset({'weap_Fists', 'ucr_WeaponViol'})",frozenset({'ucr_Assault'}),0.0004191946071971305,0.20948138483258788,0.00036200544856711313,0.8635737253100597,4.1224365878629525,0.00027419198173710553,5.794474832388742
"frozenset({'weap_Fists', 'drug_ComputerUse'})",frozenset({'ucr_Assault'}),0.0008867207928997638,0.20948138483258788,0.0007964119868476489,0.8981541802388708,4.2875130931402445,0.000610660487191156,7.761915187304765
"frozenset({'weap_Fists', 'weap_OtherWeap'})",frozenset({'ucr_Assault'}),0.00022182461529218845,0.20948138483258788,0.0002079605768364267,0.9375000000000001,4.475337991245503,0.000161492449235063,12.648297842678618
"frozenset({'weap_Firearm', 'weap_Fists'})",frozenset({'ucr_Assault'}),0.0003706704726019642,0.20948138483258788,0.0003460232931250544,0.9335064935064935,4.456274213828249,0.0002683747292078451,11.88865886091616
"frozenset({'weap_Fists', 'weap_Knife'})",frozenset({'ucr_Assault'}),0.0003824163940714291,0.20948138483258788,0.00036970769215364743,0.9667673716012084,4.615051463278343,0.0002895985763408798,23.78742378367391
"frozenset({'weap_Fists', 'weap_BluntObject'})",frozenset({'ucr_Assault'}),0.00025128569701068226,0.20948138483258788,0.000246856906948425,0.9823754789272029,4.689559789344967,0.00019421723115000517,44.85333881710708
"frozenset({'ucr_Vandalism', 'ucr_WeaponViol'})",frozenset({'weap_Firearm'}),0.000600197331480687,0.021771354277787577,0.0004336363139218823,0.7224895733076676,33.18532986460995,0.00042056920518163354,3.5250158251053594
"frozenset({'ucr_Drug', 'weap_Firearm'})",frozenset({'ucr_WeaponViol'}),0.0021002092699582463,0.01367379303917438,0.0019294120184268476,0.9186760795819199,67.18516778409492,0.001900694191530483,12.128365207803524
"frozenset({'ucr_Drug', 'weap_Knife'})",frozenset({'ucr_WeaponViol'}),0.0006146390382054389,0.01367379303917438,0.0004942914821658401,0.8041979949874688,58.81308812291531,0.00048588703516362175,5.037365204190332
"frozenset({'ucr_Robbery', 'ucr_WeaponViol'})",frozenset({'weap_Firearm'}),0.0003491041905596681,0.021771354277787577,0.0003032758412197889,0.8687258687258688,39.902242995154154,0.0002956753702072541,7.451800565942738
"frozenset({'rel_Known', 'rel_Family', 'ass_Argument'})",frozenset({'ucr_Assault'}),0.0006290807449301907,0.20948138483258788,0.0006283105205715372,0.9987756351392714,4.767849114313747,0.0004965298149520449,645.6560789379123
"frozenset({'rel_Family', 'ass_Argument', 'ucr_Vandalism'})",frozenset({'ucr_Assault'}),0.0002657274037354341,0.20948138483258788,0.0002657274037354341,1.0,4.773693857328537,0.00021006245921296717,inf
"frozenset({'rel_Family', 'ass_Argument', 'weap_Fists'})",frozenset({'ucr_Assault'}),0.0014915394705323714,0.20948138483258788,0.0014884585730977576,0.9979344177640073,4.763833400096771,0.0011760088192781717,382.7098245679299
"frozenset({'rel_Family', 'ass_Argument', 'weap_OtherWeap'})",frozenset({'ucr_Assault'}),0.0005341505927261552,0.20948138483258788,0.0005335729244571652,0.9989185291997117,4.76853124681232,0.00042167831858374254,730.9662128248568
"frozenset({'rel_Family', 'ass_Argument', 'weap_Firearm'})",frozenset({'ucr_Assault'}),0.0005836375077696382,0.20948138483258788,0.0005691958010448863,0.9752556911910261,4.655572102363297,0.0004469346076770623,31.947492300965685
"frozenset({'rel_Family', 'ucr_Assault', 'weap_Knife'})",frozenset({'ass_Argument'}),0.001754956201191845,0.01697381930382501,0.001290125800744499,0.7351327627825325,43.30980256263668,0.0012603374912993413,3.711392133746869
"frozenset({'rel_Family', 'ass_Argument', 'weap_Knife'})",frozenset({'ucr_Assault'}),0.0012951322590757462,0.20948138483258788,0.001290125800744499,0.9961344038061256,4.755240684522926,0.0010188197015719535,204.501084831392
"frozenset({'rel_Family', 'weap_Knife'})","frozenset({'ucr_Assault', 'ass_Argument'})",0.00179308230694519,0.016841725826315948,0.001290125800744499,0.7195017182130584,42.72137699147227,0.00125992720014691,3.5050420555533486
"frozenset({'rel_Family', 'ucr_Assault', 'weap_BluntObject'})",frozenset({'ass_Argument'}),0.0011932700876438299,0.01697381930382501,0.0008751674275199623,0.7334193964821687,43.208860855311116,0.0008549130766716365,3.687538281945638
"frozenset({'rel_Family', 'ass_Argument', 'weap_BluntObject'})",frozenset({'ucr_Assault'}),0.0008767078762372692,0.20948138483258788,0.0008751674275199623,0.9982429167581814,4.7653060798502525,0.0006915134475121421,449.9039068571594
"frozenset({'rel_Family', 'weap_BluntObject'})","frozenset({'ucr_Assault', 'ass_Argument'})",0.0012107926918031953,0.016841725826315948,0.0008751674275199623,0.7228053435114504,42.917534162801466,0.0008547755889721058,3.5468153918554943
"frozenset({'rel_Known', 'ass_Argument', 'ucr_Vandalism'})",frozenset({'ucr_Assault'}),0.0006186827160883693,0.20948138483258788,0.0006182976039090426,0.9993775287892935,4.7707223703336235,0.0004886950917708643,1269.9681552665277
"frozenset({'rel_Known', 'ass_Argument', 'ucr_WeaponViol'})",frozenset({'ucr_Assault'}),0.00027285197905297834,0.20948138483258788,0.0002691934133493745,0.986591390261115,4.709685259382705,0.00021203600292304435,58.95604619432728
"frozenset({'rel_Known', 'ass_Argument', 'weap_Fists'})",frozenset({'ucr_Assault'}),0.002742961497254535,0.20948138483258788,0.0027341039171300207,0.9967707967707967,4.758278629709223,0.002159504544142672,244.80299289260012
"frozenset({'rel_Known', 'ass_Argument', 'weap_OtherWeap'})",frozenset({'ucr_Assault'}),0.001019199382588154,0.20948138483258788,0.0010155408168845503,0.9964103532968073,4.756557982911525,0.0008020375187994653,220.22184368848994
"frozenset({'rel_Known', 'ass_Argument', 'weap_Firearm'})",frozenset({'ucr_Assault'}),0.0015568159849282497,0.20948138483258788,0.0015184973230852414,0.9753865182436611,4.656196630660833,0.0011923733546329624,32.11730152577146
"frozenset({'rel_Known', 'weap_MVWeap', 'ass_Argument'})",frozenset({'ucr_Assault'}),0.0005087331888905919,0.20948138483258788,0.0005075778523526118,0.9977289931869797,4.76285276605527,0.0004010077194335121,348.09169687874123
"frozenset({'rel_Known', 'ass_Argument', 'weap_Knife'})",frozenset({'ucr_Assault'}),0.0023108656320499597,0.20948138483258788,0.0022935355839802576,0.992500624947921,4.737894136708624,0.0018094522512163984,105.4112655624903
"frozenset({'rel_Known', 'ass_Argument', 'weap_NoWeap'})",frozenset({'ucr_Assault'}),0.00021470003997464421,0.20948138483258788,0.00021450748388498087,0.9991031390134529,4.769412517546179,0.00016953182218748042,881.4282559116839
"frozenset({'rel_Known', 'ass_Argument', 'weap_BluntObject'})",frozenset({'ucr_Assault'}),0.001647317347070028,0.20948138483258788,0.0016430811130974342,0.9974284044418469,4.761417847409048,0.0012979987939744598,307.40394330714713
"frozenset({'ass_Argument', 'weap_Fists', 'ucr_Vandalism'})",frozenset({'ucr_Assault'}),0.00024030999989987082,0.20948138483258788,0.00024011744381020748,0.999198717948718,4.7698687821223436,0.00018977697224206348,986.5672317289338
"frozenset({'ass_Argument', 'weap_Knife', 'ucr_Vandalism'})",frozenset({'ucr_Assault'}),0.00021277447907801063,0.20948138483258788,0.00021277447907801063,1.0,4.773693857328537,0.00016820218654371645,inf
"frozenset({'ass_Argument', 'weap_BluntObject', 'ucr_Vandalism'})",frozenset({'ucr_Assault'}),0.00023376309285131665,0.20948138483258788,0.0002335705367616533,0.999176276771005,4.769761654810144,0.00018460152034841066,959.6895988132547
"frozenset({'ass_Argument', 'weap_Firearm', 'ucr_WeaponViol'})",frozenset({'ucr_Assault'}),0.0003154068748685805,0.20948138483258788,0.00031020786044766983,0.9835164835164836,4.695006595944,0.00024413599151448085,47.95812932015651
"frozenset({'rel_Family', 'weap_Fists', 'ass_OtherFelony'})",frozenset({'ucr_Assault'}),0.0004084114661759824,0.20948138483258788,0.00040032411041012134,0.9801980198019802,4.679165266094308,0.0003147695108940689,39.92119006595428
"frozenset({'rel_Family', 'weap_OtherWeap', 'ass_OtherFelony'})",frozenset({'ucr_Assault'}),0.0002514782531003456,0.20948138483258788,0.00024724201912775174,0.9831546707503829,4.693279412564962,0.0001945620064130113,46.928059609483725
"frozenset({'rel_Family', 'ass_OtherFelony', 'weap_Knife'})",frozenset({'ucr_Assault'}),0.0002120042547193572,0.20948138483258788,0.00020853824510541676,0.9836512261580382,4.69564981606431,0.0001641273002364051,48.353388627740316
"frozenset({'rel_Known', 'ass_OtherFelony', 'ucr_Vandalism'})",frozenset({'ucr_Assault'}),0.00020911591337440682,0.20948138483258788,0.00020853824510541676,0.9972375690607735,4.760506857722657,0.00016473235398121452,286.16773869060967
"frozenset({'rel_Known', 'weap_Fists', 'ass_OtherFelony'})",frozenset({'ucr_Assault'}),0.0007842809531988573,0.20948138483258788,0.0007781191583296299,0.9921433832555855,4.73618877423634,0.0006138268981557112,100.6181974867762
"frozenset({'rel_Known', 'weap_OtherWeap', 'ass_OtherFelony'})",frozenset({'ucr_Assault'}),0.00040109433476877477,0.20948138483258788,0.0003964729886168542,0.9884781565050409,4.7186921038115495,0.00031245119192098566,68.6104281414055
"frozenset({'rel_Known', 'weap_Firearm', 'ass_OtherFelony'})",frozenset({'ucr_Assault'}),0.0006668217385042089,0.20948138483258788,0.0006456405686412395,0.9682356338434883,4.622060497725262,0.000505953827422904,24.88696331204318
"frozenset({'rel_Known', 'weap_MVWeap', 'ass_OtherFelony'})",frozenset({'ucr_Assault'}),0.0002809393348188394,0.20948138483258788,0.0002803616665498493,0.9979437971213159,4.76387817427714,0.00022151010563805273,384.455553176399
"frozenset({'rel_Known', 'ass_OtherFelony', 'weap_Knife'})",frozenset({'ucr_Assault'}),0.0005247153443326506,0.20948138483258788,0.0005185535494634232,0.9882568807339449,4.7176358010222925,0.0004086354524897113,67.31760082284968
"frozenset({'rel_Known', 'weap_BluntObject', 'ass_OtherFelony'})",frozenset({'ucr_Assault'}),0.0003937772033615672,0.20948138483258788,0.0003912739741959435,0.9936430317848409,4.743347637208599,0.0003087849803202588,124.35465907825534
"frozenset({'rel_Known', 'ass_LoversQuarrelAssault', 'weap_Fists'})",frozenset({'ucr_Assault'}),0.0005231748956153438,0.20948138483258788,0.0005218270029877002,0.9974236290025763,4.761395050923936,0.0004122316013445534,306.83415391568644
"frozenset({'ucr_Assault', 'ass_LoversQuarrelAssault', 'weap_Fists'})",frozenset({'rel_Known'}),0.0006899284692638119,0.1239860959098776,0.0005218270029877002,0.7563494278537538,6.100276182609423,0.00043628546562660223,3.595369780475267
"frozenset({'ass_LoversQuarrelAssault', 'weap_Fists'})","frozenset({'rel_Known', 'ucr_Assault'})",0.0006924316984294355,0.11342323905530442,0.0005218270029877002,0.753615127919911,6.644274437908208,0.0004432891569272679,3.598340894308268
"frozenset({'rel_Known', 'ass_LoversQuarrelAssault', 'weap_Knife'})",frozenset({'ucr_Assault'}),0.0003440977322284208,0.20948138483258788,0.00034159450306279717,0.9927252378287633,4.738966369838177,0.0002695124335978346,108.66590502339777
"frozenset({'ucr_Assault', 'ass_LoversQuarrelAssault', 'weap_Knife'})",frozenset({'rel_Known'}),0.00046906663441994016,0.1239860959098776,0.00034159450306279717,0.7282430213464697,5.873586195308637,0.00028343676233948296,3.223519441636765
"frozenset({'ass_LoversQuarrelAssault', 'weap_Knife'})","frozenset({'rel_Known', 'ucr_Assault'})",0.00047253264403388065,0.11342323905530442,0.00034159450306279717,0.7229013854930725,6.373485641162042,0.00028799832001710724,3.1994990755268864
"frozenset({'rel_Known', 'rel_Family', 'ucr_Vandalism'})",frozenset({'ucr_Assault'}),0.00036874491170533065,0.20948138483258788,0.00036778213125701387,0.9973890339425587,4.761229904698435,0.00029053693650301087,302.76862960911734
"frozenset({'rel_Known', 'rel_Family', 'ucr_Assault'})",frozenset({'weap_Fists'}),0.0064254041559765945,0.13377872840579733,0.004957549084472816,0.7715544367526747,5.767392514094484,0.004097966686992942,3.7918060621575433
"frozenset({'rel_Known', 'rel_Family', 'weap_Fists'})",frozenset({'ucr_Assault'}),0.004998563531571111,0.20948138483258788,0.004957549084472816,0.9917947532647637,4.734524521390674,0.003910443073705629,96.34306446540393
"frozenset({'rel_Known', 'rel_Family'})","frozenset({'ucr_Assault', 'weap_Fists'})",0.006508395830621501,0.1205691880988013,0.004957549084472816,0.761715976331361,6.317666962368257,0.004172837083349158,3.690683069563015
"frozenset({'rel_Known', 'rel_Family', 'weap_OtherWeap'})",frozenset({'ucr_Assault'}),0.00025898794059721656,0.20948138483258788,0.0002559070431626028,0.9881040892193308,4.716906421107527,0.0002016538907113579,66.45297108751025
"frozenset({'rel_Known', 'rel_Family', 'weap_Knife'})",frozenset({'ucr_Assault'}),0.00024955269220371205,0.20948138483258788,0.00024704946303808834,0.9899691358024689,4.725809582525086,0.00019477281948655418,78.80862501976497
"frozenset({'rel_Known', 'rel_Family', 'weap_NoWeap'})",frozenset({'ucr_Assault'}),0.00030808974346137287,0.20948138483258788,0.00028806391013638365,0.935,4.463403756602181,0.00022352484402337854,12.161824848729427
"frozenset({'rel_Known', 'rel_Family', 'ucr_Vandalism'})",frozenset({'weap_Fists'}),0.00036874491170533065,0.13377872840579733,0.0002730445351426417,0.7404699738903394,5.535035223568854,0.00022371430974859455,3.337653390549091
"frozenset({'rel_Family', 'weap_Fists', 'ucr_Larceny'})",frozenset({'ucr_Assault'}),0.00025937305277654325,0.20948138483258788,0.00025629215534192956,0.988121752041574,4.716990738013573,0.00020195832905804337,66.55178591440749
"frozenset({'rel_Family', 'weap_Fists', 'ucr_Vandalism'})",frozenset({'ucr_Assault'}),0.0017426326114533903,0.20948138483258788,0.0017312718021632522,0.9934806629834254,4.74257253825866,0.001366222709461567,121.25751639432333
"frozenset({'rel_Family', 'ucr_Assault', 'ucr_Kidnap_SexOff'})",frozenset({'weap_Fists'}),0.0003685523556156673,0.13377872840579733,0.00028844902231571034,0.7826541274817137,5.850363034604814,0.00023914455683048515,3.9854507544021733
"frozenset({'ucr_Drug', 'rel_Family', 'weap_Fists'})",frozenset({'ucr_Assault'}),0.00034987441491832156,0.20948138483258788,0.0003433275078697674,0.9812878370941112,4.684367720207364,0.00027003533091518594,42.246244816446676
"frozenset({'rel_Family', 'weap_Firearm', 'ucr_WeaponViol'})",frozenset({'ucr_Assault'}),0.0002160479326022877,0.20948138483258788,0.00020950102555373354,0.9696969696969697,4.62903646771252,0.0001642430054419887,26.087114300524625
"frozenset({'rel_Family', 'weap_Fists', 'drug_ComputerUse'})",frozenset({'ucr_Assault'}),0.0002657274037354341,0.20948138483258788,0.00025667726752125626,0.9659420289855073,4.611111530303579,0.00020101232299878934,23.21097210491554
"frozenset({'rel_Known', 'ucr_Larceny', 'weap_Fists'})",frozenset({'ucr_Assault'}),0.0011459012895866437,0.20948138483258788,0.0011125890860748827,0.9709292555872961,4.634919023297644,0.0008725440970508242,27.192926467406085
"frozenset({'rel_Known', 'ucr_Burglary', 'ucr_Vandalism'})",frozenset({'ucr_Assault'}),0.00023799932682391054,0.20948138483258788,0.00022740874189242584,0.9555016181229773,4.561272205101134,0.00017755231332012937,17.765109242671276
"frozenset({'rel_Known', 'ucr_Burglary', 'weap_Fists'})",frozenset({'ucr_Assault'}),0.0008110462496620641,0.20948138483258788,0.0007419186134729186,0.9147673314339981,4.366819190951294,0.0005720195219304326,9.274831217507357
"frozenset({'rel_Known', 'weap_Fists', 'ucr_Vandalism'})",frozenset({'ucr_Assault'}),0.0038212755993693405,0.20948138483258788,0.003757539533690769,0.9833207357016881,4.6940721558029255,0.002957053429307902,47.395292803617245
"frozenset({'rel_Known', 'weap_OtherWeap', 'ucr_Vandalism'})",frozenset({'ucr_Assault'}),0.0003749067065745581,0.20948138483258788,0.000371633253050281,0.9912686183872624,4.73201291455782,0.0002930972769740179,90.5376319841734
"frozenset({'rel_Known', 'weap_Knife', 'ucr_Vandalism'})",frozenset({'ucr_Assault'}),0.00021681815696094115,0.20948138483258788,0.0002093084694640702,0.9653641207815276,4.608352773460141,0.00016388910168704284,22.823691299448893
"frozenset({'rel_Known', 'weap_NoWeap', 'ucr_Vandalism'})",frozenset({'ucr_Assault'}),0.00029576615372291795,0.20948138483258788,0.0002849830127017699,0.9635416666666667,4.599652935446767,0.000223025509233285,21.68279630173478
"frozenset({'rel_Known', 'weap_BluntObject', 'ucr_Vandalism'})",frozenset({'ucr_Assault'}),0.0002395397755412174,0.20948138483258788,0.00023626632201694033,0.9863344051446945,4.708458491111024,0.00018608719811407884,57.84736219225051
"frozenset({'rel_Known', 'ucr_Assault', 'ucr_Kidnap_SexOff'})",frozenset({'weap_Fists'}),0.0009286980204463759,0.13377872840579733,0.0007178491022649988,0.7729628861704333,5.777920715659432,0.0005936090620167014,3.8153289432866107
"frozenset({'ucr_Assault', 'ucr_Kidnap_SexOff', 'weap_Fists'})",frozenset({'rel_Known'}),0.0010251686213677183,0.1239860959098776,0.0007178491022649988,0.7002253944402704,5.647612252822662,0.0005907424472523039,2.9222418705362223
"frozenset({'rel_Known', 'weap_Fists', 'ucr_Drug'})",frozenset({'ucr_Assault'}),0.0007188118827133156,0.20948138483258788,0.0006756793186287233,0.9399946423787837,4.487246650245334,0.0005251016100038182,13.174133885803323
"frozenset({'rel_Known', 'weap_Firearm', 'ucr_WeaponViol'})",frozenset({'ucr_Assault'}),0.0005761278202727673,0.20948138483258788,0.0005121991985045324,0.8890374331550802,4.2439925335875355,0.00039151114487321286,7.124191857171377
"frozenset({'rel_Known', 'weap_Fists', 'drug_ComputerUse'})",frozenset({'ucr_Assault'}),0.0005048820670973248,0.20948138483258788,0.000446922684108654,0.8852021357742181,4.225683998039486,0.0003411592895159668,6.886178767338719
"frozenset({'rel_Known', 'weap_Fists', 'weap_Knife'})",frozenset({'ucr_Assault'}),0.00022317250791983198,0.20948138483258788,0.0002179734934989213,0.9767040552200172,4.662486148831668,0.0001712230074833132,33.93374351774186
"frozenset({'weap_Firearm', 'weap_Fists', 'ucr_WeaponViol'})",frozenset({'ucr_Assault'}),0.00022336506400949532,0.20948138483258788,0.00021701071305060452,0.9715517241379311,4.63789049759419,0.0001702198901186758,27.787927078612146
"frozenset({'rel_Known', 'rel_Family', 'ass_Argument', 'weap_Fists'})",frozenset({'ucr_Assault'}),0.0002564847114315929,0.20948138483258788,0.0002564847114315929,1.0,4.773693857328537,0.00020275593889251613,inf
"frozenset({'rel_Known', 'rel_Family', 'ucr_Assault', 'ucr_Vandalism'})",frozenset({'weap_Fists'}),0.00036778213125701387,0.13377872840579733,0.000272659422963315,0.7413612565445027,5.541697588092605,0.00022345799711337764,3.3491551189168574
"frozenset({'rel_Known', 'rel_Family', 'weap_Fists', 'ucr_Vandalism'})",frozenset({'ucr_Assault'}),0.0002730445351426417,0.20948138483258788,0.000272659422963315,0.9985895627644571,4.766960861761078,0.0002154616756206642,560.4776981537402
"frozenset({'rel_Known', 'rel_Family', 'ucr_Vandalism'})","frozenset({'ucr_Assault', 'weap_Fists'})",0.00036874491170533065,0.1205691880988013,0.000272659422963315,0.739425587467363,6.13279063355254,0.0002282001483434391,3.3749699494805525
